date,artist_name,lastfm_name,lastfm_url,listeners,playcount,tags,bio_summary,top_track_1,top_track_1_playcount,top_track_2,top_track_2_playcount,top_track_3,top_track_3_playcount,top_album_1,top_album_1_playcount,found_on_lastfm
2026-04-18,Taylor Swift,Taylor Swift,https://www.last.fm/music/Taylor+Swift,5926029,3665483659,country|pop|female vocalists|singer-songwriter|acoustic,"Taylor Alison Swift is an American singer-songwriter. Her discography spans multiple genres, and her narrative songwriting, which is often inspired by her personal life, has received widespread media coverage and critical praise.

Swift rose to mainstream prominence with her sophomore studio album, Fearless (2008), a country pop record with crossover appeal. Aided by the top-five singles “Love Story” and “You Belong with Me”, Fearless was certified Diamond by the Recording Industry Recording Ind",Blank Space,28058617,Cruel Summer,48948963,Shake It Off,18747564,Lover,296334313,True
2026-04-18,Gusttavo Lima,Gusttavo Lima,https://www.last.fm/music/Gusttavo+Lima,564486,16072127,sertanejo|pop|male vocalists|Sertanejo Universitario|brazilian,"Nivaldo Batista Lima better known by his stage name Gusttavo Lima (born in Presidente Olegário, Minas Gerais on September 3, 1989) is a Brazilian singer of the sertaneja (brazilian country) genre. Known in his country with many hits, like ""Inventor dos Amores"", ""Cor de Ouro"" and gained international fame and success through the song ""Balada"". He is often compared to the sertanejo singers Luan Santana and Michel Teló.

He was born to Alcino and Sebastiana Lima in Minas Gerais but grew up in Goiân",Balada - Ao Vivo,656066,Balada,614298,Canudinho - Ao Vivo,596905,Gusttavo Lima e Você (Ao Vivo),605156,True
2026-04-18,Grupo Menos É Mais,Grupo Menos É Mais,https://www.last.fm/music/Grupo+Menos+%C3%89+Mais,385354,13722984,brazil|brazilian|samba,"INÍCIO

O Grupo Menos é Mais começou a se apresentar em novembro de 2016 a partir da iniciativa de três músicos, Gustavo Goes, Jorge Farias e Pietro Silva, que tocavam juntos samba e pagode em ocasiões esporádicas e em festas particulares. O trio recebeu sua primeira oportunidade de tocar, semanalmente em um bar, em Taguatinga, no Taguaparque. Nesse período, o Ramon Alvarenga passou a fazer parte da família. E, em 2018, entrou o Eduardo Caetano (Duzão). <a href=""https://www.last.fm/music/Grupo+M",Lapada Dela - Ao Vivo,1838181,Coração Partido (Corazón Partío) - Ao Vivo,1612868,Pot-Pourri: Melhor Eu Ir / Ligando Os Fatos / Sonho de Amor / Deixa Eu Te Querer - Ao Vivo,997977,Confia (Ao Vivo),2145354,True
2026-04-18,Panda,Panda,https://www.last.fm/music/Panda,214800,7770050,rock|pop punk|punk rock|punk|emo,"1) Panda is a Mexican pop/rock band formed in Monterrey, Nuevo León, Mexico, in 1996. The band, its name occcasionally styled PXNDX, caught local attention in 2001 with the album 'Arroz con Leche' and achieved mainstream success with their albums 'Para ti con desprecio' (2005) and 'Amantes Sunt Amentes' (2006).

2) 	Panda is a hard rock/heavy metal band from Marietta, Georgia, USA.

Lineup:
Schon Eric Mac - Lead & Backing Vocals
Jack Browning - Guitar, Backing Vocals <a href=""https://www.last.fm",Baqueado - Ao Vivo,380166,Eu Te Seguro - Ao Vivo,256306,Los Malaventurados No Lloran,311327,Amantes Sunt Amentes,1300893,True
2026-04-18,Xand Avião,Xand Avião,https://www.last.fm/music/Xand+Avi%C3%A3o,128952,1730175,nordeste|brazil|Forro|forro eletronico,"Xand Avião, nome artístco de José Alexandre da Silva Filho (Itaú, 24 de março de 1982) é um cantor e compositor de forró eletrônico e também empresário brasileiro. Entre 2017 e 2018, Xand cantou na banda Aviões do Forró sozinho, desde a saída de Solange Almeida.[1] Hoje, está em carreira solo.[2] <a href=""https://www.last.fm/music/Xand+Avi%C3%A3o"">Read more on Last.fm</a>",Superação Digital,133035,Algo Mais (Amante) - Ao Vivo,131455,Ela Aperta a Minha Mente,59662,Errejota (Ao Vivo),231583,True
2026-04-18,Orochi,Orochi,https://www.last.fm/music/Orochi,300247,17938520,visual kei|J-rock|japanese|metal|alternative,"There are two artists named Orochi.

1. Flávio César Castro, better known as Orochi, is a Brazilian rapper and singer. He began his musical journey at the age of 14, participating in rap battle circuits, and gradually built his reputation within cultural circles. With a substantial online following, Orochi has amassed millions of social media followers and over one billion song plays, establishing himself as a significant figure in Brazilian rap. <a href=""https://www.last.fm/music/Orochi"">Read m",Amor de Fim de Noite,1382840,Sereia,1137648,Mitsubishi,1105752,Celebridade,5222590,True
2026-04-18,Mari Fernandez,Mari Fernandez,https://www.last.fm/music/Mari+Fernandez,192440,5488749,brazilian|Forro|piseiro|cantora de forro|singer-songwriter,"Mariana Fernandes de Sousa, mais conhecida como Mari Fernandez (Alto Santo, 19 de fevereiro de 2001), é uma cantora e compositora brasileira de forró e piseiro. Ganhou fama nacional com a canção “Não, Não Vou”. O hit do piseiro levou a compositora ao Top 1 do Spotify Brasil em 2021.

Nasceu em Alto Santo no Ceará, e atualmente mora em fortaleza. Mari deu início a carreira aos sete anos de idade, cantando em escolas e igrejas. Aos 15 anos, compôs sua primeira música. <a href=""https://www.last.fm/",Comunicação Falhou - Ao Vivo,591104,Parada Louca,443534,"Não, Não Vou",354638,Ao Vivo em Fortaleza,1296615,True
2026-04-18,PEDRO SAMPAIO,PEDRO SAMPAIO,https://www.last.fm/music/PEDRO+SAMPAIO,572899,31283048,brazilian|funk|melody|brazil|pop,"Pedro do Espirito Santo Sampaio (born 22 December 1997), better known as Pedro Sampaio (stylized in all caps) is a Brazilian DJ, music producer and singer. 

At the age of 13, he began to discover his talent for percussion playing in a bucket and was then convinced his father to buy a tambourine, repinique, and timbal. A year later, he was discovered by Victor Junior while DJing at his father's friend's party. He joined Dennis DJ's team at age of 17. <a href=""https://www.last.fm/music/PEDRO+SAMP",ESCADA DO PRÉDIO,2875413,JETSKI,2800619,Sequência Feiticeira,2345531,Astro,4266774,True
2026-04-18,Léo Santana,Léo Santana,https://www.last.fm/music/L%C3%A9o+Santana,213750,2683324,brazil|brazilian|pagode baiano|brasil|Pagode,"Leandro Silva de Santana Improta (Salvador, 22 de abril de 1988)mais conhecido pelo seu nome artístico Leo Santana, é um cantor, compositor e percussionista brasileiro. 

Nascido e criado no bairro da Boa Vista do Lobato, periferia da capital baiana, desde a adolescência sempre sonhou em trabalhar como músico, tanto que quando a família se reunia na casa dos avós na cidade de São Domingos, interior da Bahia, tinha o costume de dançar e cantar com os amigos. <a href=""https://www.last.fm/music/L%C","Desliza (""Ólhinho"" No Corpinho)",1171057,Zona De Perigo,146380,Surra De Toma - Ao Vivo,173522,"Desliza (""Ólhinho"" No Corpinho)",1204829,True
2026-04-18,Simone Mendes,Simone Mendes,https://www.last.fm/music/Simone+Mendes,184854,7874209,Brega|brazilian|sofrencia|sertanejo,"Prestes a lançar as primeiras faixas inéditas de sua fase solo no sertanejo, Simone coleciona prêmios e marcas expressivas na carreira. Na música ou na web, onde figura no pódio das cantoras com mais fãs nas redes sociais, é uma das principais artistas do Brasil!

Na prateleira de Simone Mendes estão alguns dos mais importantes troféus do entretenimento: Prêmio Multishow de Música Brasileira, Prêmio Contigo! Online, Prêmio Jovem Brasileiro <a href=""https://www.last.fm/music/Simone+Mendes"">Read m",Erro Gostoso - Ao Vivo,1415995,Dois Fugitivos - Ao Vivo,1308292,Dois Tristes - Ao Vivo,633081,Cintilante (Ao Vivo),2227739,True
2026-04-18,NATTAN,Nattan,https://www.last.fm/music/Nattan,261849,8032686,pop|brazilian|nordeste|Forro|lixo,"Natanael Cesário dos Santos, mais conhecido como Nattan ou Nattanzinho (Sobral-CE, 18 de agosto de 1998), é um cantor e compositor de forró brasileiro. É considerado um dos principais nomes do forró na atualidade. <a href=""https://www.last.fm/music/Nattan"">Read more on Last.fm</a>",Love Gostosinho - Ao Vivo,964270,Morena,910904,Última Noite,761685,Estilo Nattanzinho (Ao Vivo em São Paulo),1024730,True
2026-04-18,Natanzinho Lima,Natanzinho Lima,https://www.last.fm/music/Natanzinho+Lima,95389,2968522,Brega|rock|Forro|arrocha|piseiro,"Natanzinho Lima, nome artístico de Natã Lima Nascimento, é um cantor sergipano natural de Itabaiana, cidade conhecida como “terra do caminhão”. Desde cedo demonstrou paixão pela música, aprendendo violão de forma autodidata. Antes da fama, trabalhou como garçom e vendedor de castanhas, e foi justamente em um restaurante que sua vida mudou, quando o irmão o incentivou a cantar para os clientes. A partir daí, Natanzinho descobriu sua vocação artística e deu início à carreira musical <a href=""https",Uma e Quinze da Manhã,249779,5 Da Manhã,177737,Me Apaixonei Nessa Morena,101231,De Bar em Bar 4.0,483652,True
2026-04-18,Ícaro e Gilmar,Ícaro e Gilmar,https://www.last.fm/music/%C3%8Dcaro+e+Gilmar,67102,3483843,," <a href=""https://www.last.fm/music/%C3%8Dcaro+e+Gilmar"">Read more on Last.fm</a>",Voltável - Ao Vivo,160138,Diferentona,111013,A Viola e Eu - Ao Vivo,142309,Sextou BB: Uberlândia (Ao Vivo),330291,True
2026-04-18,Mc IG,Mc IG,https://www.last.fm/music/Mc+IG,298841,19955610,funk|baile funk|better than selena gomez|dance|urban,"Guilherme Sérgio, mais conhecido por seu nome artístico, Mc IG, é um cantor e compositor de funk de São Paulo - Zona Norte.  <a href=""https://www.last.fm/music/Mc+IG"">Read more on Last.fm</a>",3 Dias Virado,1214583,Noite Fria,776866,"Faz Completo, Chefe",836810,Ninguém Tá Puro!,2410107,True
2026-04-18,Racionais MC's,Racionais MC's,https://www.last.fm/music/Racionais+MC%27s,419969,28529045,rap|brazilian|hip hop|Rap Nacional|brazilian rap,"Racionais MC's is a hip hop group based in  São Paulo, Brazil. Mano Brown (Pedro Paulo Soares Pereira), Ice Blue (Paulo Eduardo Salvador), Edy Rock (Edvaldo Pereira Alves) and DJ KL Jay (Kleber Geraldo Lelis Simões) formed the group in 1988. Each member hails from the ring of favelas (slums) around São Paulo locally called the periferia. Their lyrics combine themes of social justice with gangster imagery, a far cry from the idyllic breeziness typically associated with Brazilian music. <a href=""h","Vida Loka, Pt. 1",2032501,Negro Drama,1767415,"Vida Loka, Pt. 2",1895318,"Nada Como um Dia Após o Outro Dia, Vol. 1 & 2",11884484,True
2026-04-18,Veigh,Veigh,https://www.last.fm/music/Veigh,319250,36376477,trap|rap|trap BR|Hip-Hop|teen,"Thiago Veigh (born September 12, 2001), professionally known by his stage name, Veigh, is a Brazilian rapper, singer and songwriter from São Paulo, Brazil.

He is known for the hits ""Vida Chique"" and ""Movimento"". <a href=""https://www.last.fm/music/Veigh"">Read more on Last.fm</a>",Novo Balanço,3422336,Engana Dizendo Que Ama,2226435,Talvez você precise de mim,1736903,Dos Prédios Deluxe,10939689,True
2026-04-18,MC Ryan SP,MC Ryan SP,https://www.last.fm/music/MC+Ryan+SP,201130,4853964,Funk paulista|rap|brazil|brasil|brazilian funk," <a href=""https://www.last.fm/music/MC+Ryan+SP"">Read more on Last.fm</a>",Namora Aí,472690,Melhor Vibe,368782,Sexta Feira Hoje Tem,259654,Namora Aí,478652,True
2026-04-18,MORADA,Morada,https://www.last.fm/music/Morada,84612,2980690,metalcore|alternative|brazil|gospel|pop rock,"Morada (estilizado como MORADA) é uma banda brasileira de música Cristã contemporânea, originária da cidade de Fernandópolis, no interior do estado de São Paulo. Fundada em 2009, o grupo consolidou-se como um dos principais nomes da cena gospel nacional, acumulando milhões de visualizações em plataformas digitais e uma sólida base de fãs nas redes sociais. 

Morada destaca-se pela fusão de diferentes ritmos musicais, trazendo inovação ao cenário da música gospel. <a href=""https://www.last.fm/mus",É Tudo Sobre Você - Ao Vivo,519848,É Tudo Sobre Você / Ser Mudado - Ao Vivo,339016,Só Tu És Santo / Uma Coisa / Deixa Queimar / Quando Ele Vem - Ao Vivo,197212,Uma Só Voz - Vol. 01 (Ao Vivo),797727,True
2026-04-18,MC GP,MC GP,https://www.last.fm/music/MC+GP,202295,5622614,," <a href=""https://www.last.fm/music/MC+GP"">Read more on Last.fm</a>",ME POSTOU NO DAILY - FESTA DO BIG G,895562,300 no 7,1003102,Voltei pras putas,266595,ME POSTOU NO DAILY - FESTA DO BIG G,578919,True
2026-04-18,Felipe e Rodrigo,Felipe e Rodrigo,https://www.last.fm/music/Felipe+e+Rodrigo,129308,2303491,brazil|brazilian," <a href=""https://www.last.fm/music/Felipe+e+Rodrigo"">Read more on Last.fm</a>",Gosta De Rua - Ao Vivo,576765,Média Boa - Ao Vivo,243851,Caos De Alguém - Ao Vivo,140175,Questão de Tempo (Ao Vivo / Parte 1),432218,True
2026-04-18,Stick,Stick,https://www.last.fm/music/Stick,2954,26194,Grunge|alternative rock|pure grunge|alternative metal|hard rock,"Stick was a short-lived American Grunge band. Little is known about them because readily available information is mostly just images and hearsay posted in Internet forums. Stick formed in Lawrence, Kansas in the early 90's during the surge of the Seattle Grunge scene. Stick was comprised of Mark Smirle (Vocals), Mike Tobin (Guitar), Darrel Brannock (Bass) and Tim Mohn (Drums). They released two albums through Arista Records (BMI), both of which received limited airplay. <a href=""https://www.last",Fuel,4212,No Groovy,1570,Grind,1092,Heavy Bag,7581,True
2026-04-18,Mc Don Juan,Mc Don Juan,https://www.last.fm/music/Mc+Don+Juan,349922,6379197,funk|brazilian|baile funk|rap|Funk paulista,"Matheus Wallace Mendonça da Cruz (São Paulo, 2001), mais conhecido pelo nome artístico MC Don Juan, é um cantor brasileiro de funk paulista.
Nascido na cidade de São Paulo, Matheus iniciou a cantar músicas aos 11 anos de idade, mas somente em 2015, aos quatorze anos, alcançou projeção nacional e adotou o nome artístico de MC Don Juan.
Sua primeira canção de sucesso foi ""Me Amarro Noite"", lançada em 2016 e disponibilizada no formato de videoclipe pelo produtor KondZilla.  <a href=""https://www.las",Amar Amei,644811,A Gente Brigou,449587,EU VOU COM CARINHO ELA QUER COM FORÇA,676486,Amar Amei,639295,True
2026-04-18,DU'L,Du'L,https://www.last.fm/music/Du%27L,2621,9185,," <a href=""https://www.last.fm/music/Du%27L"">Read more on Last.fm</a>",Curva do S,2390,A Firma Vai para a Rua,996,Agora Que Eu Sei,1222,Curva do S,2408,True
2026-04-18,Julliany Souza,Julliany Souza,https://www.last.fm/music/Julliany+Souza,35525,564308,female vocalist|gospel|female vocalists," <a href=""https://www.last.fm/music/Julliany+Souza"">Read more on Last.fm</a>",Quem É Esse? - Ao Vivo,101395,Lindo Momento - Ao Vivo,75406,Lindo Momento,74678,Lindo Momento,133671,True
2026-04-18,Mc Lele JP,MC Lele JP,https://www.last.fm/music/MC+Lele+JP,124504,2219571,funk|brasil," <a href=""https://www.last.fm/music/MC+Lele+JP"">Read more on Last.fm</a>",Toma Gostosona,353252,Eu sou Cantor Não Sou Bandido,425083,Vai Tomando Pock Pock,287520,Chatão,669858,True
2026-04-18,Mc Negão Original,Mc Negão Original,https://www.last.fm/music/Mc+Neg%C3%A3o+Original,145724,4078613,brazilian|brazil|brazilian funk," <a href=""https://www.last.fm/music/Mc+Neg%C3%A3o+Original"">Read more on Last.fm</a>",MEDLEY DE IGARATÁ 3,949053,Vou pela Madrugada,392833,Medley de Igaratá 4,229960,Medley de Igaratá 3,837195,True
2026-04-18,Grelo,grelo,https://www.last.fm/music/grelo,137840,1471347,Forro|brazil|piseiro|funk|Brega,"O cantor Gabriel De Ângelo, mais conhecido pelo apelido Grelo, é o nome por trás do hit ""Só Fé"", que tem conquistado o público e dominado as plataformas de streaming desde seu lançamento em julho. Aos 26 anos, nascido em Anápolis, Goiás, Grelo já era reconhecido como compositor de grandes sucessos sertanejos, mas agora conhecido como cantor, incentivado pela dupla Henrique e Juliano.

A música ""Só Fé"", que segue o ritmo de ""Seresta"", rapidamente se tornou viral <a href=""https://www.last.fm/music",Só Fé,490548,De Graça ou Pagando,309092,Paredões,177703,É o Grelo,1190400,True
2026-04-18,Marina Sena,Marina Sena,https://www.last.fm/music/Marina+Sena,492289,97172343,indie|brazilian|mpb|Greek|Greek Pop,"Marina Sena, born on 26 September 1996 in Taiobeiras, Minas Gerais, is a Brazilian singer, songwriter, and performer. She began her artistic journey with the band A Outra Banda da Lua and gained national recognition as the vocalist of Rosa Neon with the hit song ""Ombrim"".

In 2021, she launched her solo career with the single ""Me Toca"", followed by her debut album De Primeira, which featured the hit ""Por Supuesto"", becoming a social media phenomenon. <a href=""https://www.last.fm/music/Marina+Sen",Por Supuesto,4792531,Numa Ilha,5818291,Lua Cheia,5834988,De Primeira,21527696,True
2026-04-18,Vitinho Imperador,Vitinho Imperador,https://www.last.fm/music/Vitinho+Imperador,108310,758620,brazil," <a href=""https://www.last.fm/music/Vitinho+Imperador"">Read more on Last.fm</a>",Eu Me Apaixonei,382512,Volta Rapariga,147141,Ela É Linda - Ao Vivo,72002,Eu Me Apaixonei,381811,True
2026-04-18,MC Tuto,Mc Tuto,https://www.last.fm/music/Mc+Tuto,194409,3106837,brazil|brazilian|funk|shoegaze|Drake,"Emerson é um dos novos talentos do funk paulista. Criado na região de Ermelino Matarazzo, ele encontrou na música um caminho para transformar sua vida e inspirar aqueles ao seu redor. Com um estilo que mescla ritmos latinos e o funk carioca, Tuto rapidamente ganhou destaque no cenário musical brasileiro.

Trazendo consigo letras sinceras, em sincronia com beats envolventes, essa fórmula lhe rendeu milhões de ouvintes no Spotify, e sucessos como ""Barbie"" e ""Do Job"" consolidaram seu nome na música",Barbie,915916,Do Job,502413,2025,290820,Barbie,928186,True
2026-04-18,Mc Gw,Mc Gw,https://www.last.fm/music/Mc+Gw,321109,3862543,brazil|Funk Carioca|brazilian|funk|baile funk," <a href=""https://www.last.fm/music/Mc+Gw"">Read more on Last.fm</a>",Ritmo Mexicano,673209,Atura ou Surta 2,191060,Beat Distorce Pancada 1.0,145087,Ritmo Mexicano,665342,True
2026-04-18,Diego & Victor Hugo,Diego & Victor Hugo,https://www.last.fm/music/Diego+&+Victor+Hugo,248313,6621815,brazil|brazilian|video|sertanejo|sertanejo universitário,"Brazilian sertanejo duo of Diego Felix Pereira and Elias Anderson de Souza. <a href=""https://www.last.fm/music/Diego+&+Victor+Hugo"">Read more on Last.fm</a>",Tubarões - Ao Vivo,1259257,Entregador de Flor - Ao Vivo em Brasília,561954,Facas - Ao Vivo,409812,Diego & Victor Hugo Ao Vivo em Brasília,928798,True
2026-04-18,Melody,Melody,https://www.last.fm/music/Melody,302757,4336748,pop|funk|brazil|spanish|female vocalist,"1) Gabriella Abreu Severino (born February 4, 2007), known professionally by her stage name Melody, is a Brazilian singer, songwriter, and musician. In 2022 she became the youngest artist in Latin America to reach the top of the Spotify Brazil chart with the song ""Pipoco,"" in collaboration with Ana Castela and Dj Chris No Beat.

2) Melodía Ruiz Gutiérrez (born 12 October 1990), best known by her stage name Melody, is a Spanish singer. Melody became famous at the age of 10 with her song ""El baile","Love, Love",1104849,Assalto Perigoso,1018602,Esa Diva,624534,"Love, Love",1143823,True
2026-04-18,MC Meno K,MC Meno K,https://www.last.fm/music/MC+Meno+K,195762,1630001,brazil|Funk Carioca," <a href=""https://www.last.fm/music/MC+Meno+K"">Read more on Last.fm</a>",Vai Com Bundão,272743,Uma Cavala Mesmo,228567,Vou Te Botar,182121,Vai Com Bundão,272514,True
2026-04-18,cjnobeat,cjnobeat,https://www.last.fm/music/cjnobeat,189110,1936812,brazil," <a href=""https://www.last.fm/music/cjnobeat"">Read more on Last.fm</a>",Até Quebrar a Cama 2.0,852810,Sigilinho,216635,MTG - STEREO LOVE,91788,Até Quebrar a Cama 2.0,873077,True
2026-04-18,DJ Japa NK,DJ Japa NK,https://www.last.fm/music/DJ+Japa+NK,230831,4170863,brazil|brasil|brazilian," <a href=""https://www.last.fm/music/DJ+Japa+NK"">Read more on Last.fm</a>",Posso Até Não Te Dar Flores,2372549,Amo Minha Favela,597163,Gauchinha,291320,Posso Até Não Te Dar Flores,2414168,True
2026-04-18,MC Rick,MC Rick,https://www.last.fm/music/MC+Rick,176482,3452760,funk|brazilian|baile funk|explicit|ambient space funk,"MC Rick é um artista de Belo Horizonte, Minas Gerais, Brasil, do gênero Baile Funk. Seu estilo consiste em batidas pesadas e lentas com letras bastante explícitas. MC Rick começou a fazer sucesso no SoundCloud, em 2017. Seus primeiros grandes sucessos foram, 'Raimunda', 'Garibalda' e 'Cabelo Que Voa', que foram incluídas no seu primeiro álbum, 'Raimunda', lançado em 2018, que teve 'Cobiçadas do Twitter' como single oficial.
Spotify - https://open.spotify.com/artist/1mvpEXClANunyiHFtAXCxt
SoundCl",Ela Não Presta,370820,Me Jogou no Lixo,264964,Cupido Fdp 2,218949,RICKNELSO,512156,True
2026-04-18,Oruam,Oruam,https://www.last.fm/music/Oruam,241939,4349344,trap|Hip-Hop|rap|pop|rnb,"Oruam, whose real name is Mauro Davi dos Santos Nepomuceno, is a Brazilian rapper born on March 1, 2001, in Rio de Janeiro. He is known for his music, which blends elements of hip-hop, trap, and funk, addressing themes such as life in marginalized communities, social issues, and personal experiences. Oruam rose to prominence in the music scene in 2021 and signed with the record label Mainstreet, founded by Orochi, in 2022.

He is the son of Marcinho VP, one of the leaders of Comando Vermelho, wh",Oh Garota Eu Quero Você Só Pra Mim,783579,ROLÉ NA FAVELA DE NAVE,521342,Oh Garota Eu Quero Você Só Pra Mim.,312237,Oh Garota Eu Quero Você Só Pra Mim,606251,True
2026-04-18,Júnior e Cézar,Júnior e Cézar,https://www.last.fm/music/J%C3%BAnior+e+C%C3%A9zar,32183,317641,,"Incentivados pelos pais, os irmãos Júnior e Cézar começaram a cantar ainda crianças e, com o tempo, conquistaram espaço em eventos e casas noturnas.
Após o sucesso regional com ""Coisa de Bar"" (2008), expandiram a carreira para São Paulo em 2016 e também se destacaram como compositores de grandes nomes do sertanejo. Lançaram o DVD ""Duas Vidas e Um Sonho"" (2018), com o hit ""Das Duas Uma"", e em 2019 alcançaram o top 50 do Spotify Brasil com <a href=""https://www.last.fm/music/J%C3%BAnior+e+C%C3%A9za",Clone,110656,Cheiro De Culpado - Ao Vivo,82362,Golzinho Quadrado - Ao Vivo,25322,Clone,113345,True
2026-04-18,MC Leozinho ZS,MC LEOZINHO ZS,https://www.last.fm/music/MC+LEOZINHO+ZS,20623,158000,brazil|funk|Funk Carioca|brazilian," <a href=""https://www.last.fm/music/MC+LEOZINHO+ZS"">Read more on Last.fm</a>",Olha os Menor em Ação 2,27151,Lobo da Matilha,16978,Desigualdade,17048,Olha os Menor em Ação 2,27582,True
2026-04-18,Mc DR,MC DR,https://www.last.fm/music/MC+DR,6780,31955,," <a href=""https://www.last.fm/music/MC+DR"">Read more on Last.fm</a>",Cemitério de Nave,6094,Só Peço a Deus,5185,Faz Tempo,2245,Cemitério de Nave,6055,True
2026-04-18,Mc Brinquedo,MC Brinquedo,https://www.last.fm/music/MC+Brinquedo,85729,1039170,vaporwave|caraio|folk|indie|brazil,"Vinícius Ricardo, conhecido como MC Brinquedo é um jovem funkeiro nascido em São Paulo e autor da música 'Boquinha De Aparelho'. O cantor começou praticar na esquina da própria casa, brincando com seus amigos. Durante uma das cantorias, o Mc 2K, padrinho do Mc Brinquedo, o chamou para fazer parte da equipe de artistas do escritório da KL.

Brinquedo tornou-se popular na internet fazendo uso de redes sociais como o facebook, Twitter e Instagram, onde com frequência interage com fãs e publica seu ",Roça Roça 2,66631,Nois é Debochado,193730,Não é Só o Nome,175517,Nasceu na Sul,556106,True
2026-04-18,DJ Oreia,DJ Oreia,https://www.last.fm/music/DJ+Oreia,53975,403938,," <a href=""https://www.last.fm/music/DJ+Oreia"">Read more on Last.fm</a>",Diário de um Cafajeste,243854,Olha pra Minha Cara Não,103202,Mãe de Todas,5918,Diário de um Cafajeste,246112,True
2026-04-18,MC Menor ZL,mc menor zl,https://www.last.fm/music/mc+menor+zl,5237,26325,funk," <a href=""https://www.last.fm/music/mc+menor+zl"">Read more on Last.fm</a>",Chapa nas Bebê do Trecho,6750,Por Favor Não Chora,5111,Porque Tem Que Ser Assim,2400,Chapa nas Bebê do Trecho,6771,True
2026-04-18,MC GH Original,MC GH Original,https://www.last.fm/music/MC+GH+Original,8781,36160,," <a href=""https://www.last.fm/music/MC+GH+Original"">Read more on Last.fm</a>",Seja Bem Vinda no Panta,19662,É os D Vida,5737,Momentinho Privê,2738,Vamo Com Tudo,8267,True
2026-04-18,MC RN do Capão,MC RN do Capão,https://www.last.fm/music/MC+RN+do+Cap%C3%A3o,14956,138782,brazilian funk," <a href=""https://www.last.fm/music/MC+RN+do+Cap%C3%A3o"">Read more on Last.fm</a>",Alô Biel,26675,Skunk Achocolatado,34994,Rua de Cima,6810,Alô Biel,26798,True
2026-04-18,Yasmin Sensação,Yasmin Sensação,https://www.last.fm/music/Yasmin+Sensa%C3%A7%C3%A3o,83067,866751,mpb|arrocha,"Yasmin Sensação (Canindé de São Francisco, Sergipe) é uma cantora e compositora brasileira, expoente do gênero arrocha. Ganhou projeção nacional em 2025 ao alcançar o topo das paradas musicais com o single ""Fanatismo"". <a href=""https://www.last.fm/music/Yasmin+Sensa%C3%A7%C3%A3o"">Read more on Last.fm</a>",Fanatismo,427065,Meu Bem Querer,135329,Quero o Seu Amor,47094,Repertório Fim de Ano,657013,True
2026-04-18,NandaTsunami,NandaTsunami,https://www.last.fm/music/NandaTsunami,208756,9173201,Better than Nicki Minaj|brazilian|better than selena gomez|NandaTsunami|DJ Caio Santos,"Born and raised in the city of São Paulo (SP), Nanda Tsunami is an MC and songwriter. The artist, who is currently 25 years old, incorporates elements of São Paulo funk—a musical style that was part of her teenage years and continues to influence her work to this day—into her compositions. Nanda blends trap with São Paulo funk, addressing themes drawn from her life experiences and everyday reality. <a href=""https://www.last.fm/music/NandaTsunami"">Read more on Last.fm</a>",P.I.T.T.Y. (Parecendo Uma Cafetina),2527074,Oi Linda,999325,Pq Vc Não Me Liga?,1114671,P.I.T.T.Y. (Parecendo Uma Cafetina),2604423,True
2026-04-18,Henrique & Juliano,Henrique & Juliano,https://www.last.fm/music/Henrique+&+Juliano,392737,34076919,sertanejo|brazilian country|Sertaneja|Sertanejo Universitario|brazil,"Henrique & Juliano, brothers from Palmeirópolis, Tocantins, began their musical journey in the simplicity of their hometown, performing at local events and festivals. Their career took off with the independent release of their first CD in 2011, followed by their breakthrough hit Mistura Louca, which paved the way for their first DVD, recorded in Palmas. From the start, their authenticity and emotional lyrics distinguished them.

With hits like   Cuida Bem Dela  <a href=""https://www.last.fm/music",Aquela Pessoa - Ao Vivo,1083322,Como É Que a Gente Fica - Ao Vivo,1074463,Liberdade Provisória - Live - Ibirapuera / 2019,814843,O Céu Explica Tudo (Ao Vivo),4794356,True
2026-04-18,Aaron Modesto,Aaron Modesto,https://www.last.fm/music/Aaron+Modesto,5595,22094,," <a href=""https://www.last.fm/music/Aaron+Modesto"">Read more on Last.fm</a>",Pra Não Esquecer De Mim,6977,Se Ela Dormir De Bruços,2684,Toda Linda,1094,Pra Não Esquecer De Mim,7021,True
2026-04-18,Mc Morena,Mc Morena,https://www.last.fm/music/Mc+Morena,134493,1211230,Funk Brasil|funk," <a href=""https://www.last.fm/music/Mc+Morena"">Read more on Last.fm</a>",Automotivo Solitude,621011,MTG TAPA NA CARA,212703,Vem Me Machuca,122267,Automotivo Solitude,641369,True
2026-04-18,Melk Villar,Melk Villar,https://www.last.fm/music/Melk+Villar,4043,42787,," <a href=""https://www.last.fm/music/Melk+Villar"">Read more on Last.fm</a>",Olha para Mim,11718,Olha Para Mim - Acústico,2583,Louco Sou,3431,O Amor Venceu,26050,True
2026-04-18,DJ Guh Mix,DJ Guh Mix,https://www.last.fm/music/DJ+Guh+Mix,21707,190869,," <a href=""https://www.last.fm/music/DJ+Guh+Mix"">Read more on Last.fm</a>",Celebridade,171510,Som de Maloka,2239,Qualidade ou defeito 🤬 (feat. Mc Nathan ZK & Mc Negão Original),3374,Celebridade,173993,True
2026-04-18,Marquinho no Beat,Marquinho no Beat,https://www.last.fm/music/Marquinho+no+Beat,23080,176945,," <a href=""https://www.last.fm/music/Marquinho+no+Beat"">Read more on Last.fm</a>",Intenção,47953,Imaginar,45031,Deu Match,6003,Intenção,133024,True
2026-04-18,DJ GORDINHO DA VF,DJ Gordinho da VF,https://www.last.fm/music/DJ+Gordinho+da+VF,16025,69621,brazil|brazilian," <a href=""https://www.last.fm/music/DJ+Gordinho+da+VF"">Read more on Last.fm</a>",Ciclonado,12158,Ta Com Sono,9801,Vo Chega Chegando,10652,Ciclonado,12620,True
2026-04-18,Bvga Beatz,Bvga Beatz,https://www.last.fm/music/Bvga+Beatz,12,40,," <a href=""https://www.last.fm/music/Bvga+Beatz"">Read more on Last.fm</a>",Paladar Infantil (part. Toledo),18,Mandona (Se eu te dissesse) (feat. Toledo),8,Perdoa Por Tudo Vida,4,Paladar Infantil,19,True
2026-04-18,Mc Rodrigo do CN,Mc Rodrigo do CN,https://www.last.fm/music/Mc+Rodrigo+do+CN,241154,3790659,brazil|funk|funk bh," <a href=""https://www.last.fm/music/Mc+Rodrigo+do+CN"">Read more on Last.fm</a>",Amantes da Foda,2101710,Macetada nas do Job,661290,Vou Te Macetar,407836,Amantes da Foda,2160138,True
2026-04-18,Mc Jhey,Mc Jhey,https://www.last.fm/music/Mc+Jhey,112748,607339,funk|brazil|baile funk|brasil|Brasil Brazil," <a href=""https://www.last.fm/music/Mc+Jhey"">Read more on Last.fm</a>",Predador de Perereca,300238,Vou Te Catucar,72964,Pepeka Nervosa,31405,Predador de Perereca,296995,True
2026-04-18,DJ DAVI DOGDOG,DJ DAVI DOGDOG,https://www.last.fm/music/DJ+DAVI+DOGDOG,3625,14792,," <a href=""https://www.last.fm/music/DJ+DAVI+DOGDOG"">Read more on Last.fm</a>",Tu Vai Lembrar,3745,"Carro Cheio de Praguinha (feat. Mc Lele JP, MC Marks, Mc DR, MC Rah & Chefin)",5096,Fake Seu I Love You (feat. J. Eskine),4389,Tu Vai Lembrar,3915,True
2026-04-18,Boladin 211,Boladin 211,https://www.last.fm/music/Boladin+211,133892,1679754,brazil|funk," <a href=""https://www.last.fm/music/Boladin+211"">Read more on Last.fm</a>",Penélope Charmosa 2,726141,CHAPA MÁXIMA,271791,"Chapa Máxima - feat. CAO$, Dj Lv Mdp",81477,Penélope Charmosa 2,737326,True
2026-04-18,Vinicius Cruz,Vinicius Cruz,https://www.last.fm/music/Vinicius+Cruz,146,888,," <a href=""https://www.last.fm/music/Vinicius+Cruz"">Read more on Last.fm</a>",Irresistível Amor,604,Rendido a Ti,264,PRAIA NOVA,3,Irresistível Amor,607,True
2026-04-18,Dj Andrabeat,Dj Andrabeat,https://www.last.fm/music/Dj+Andrabeat,898,2854,," <a href=""https://www.last.fm/music/Dj+Andrabeat"">Read more on Last.fm</a>",SÓ NOTA PRO AR,1294,Na Chuva e No Sol,714,Toda Semana,421,SÓ NOTA PRO AR,1310,True
2026-04-18,DJ Kaioken,DJ Kaioken,https://www.last.fm/music/DJ+Kaioken,72,155,," <a href=""https://www.last.fm/music/DJ+Kaioken"">Read more on Last.fm</a>",MTG Sabor Energético,39,Vou Mostrar o Meu Talento,18,Senta Com Força no Urso Polar,46,MTG Sabor Energético,39,True
2026-04-18,Torelli,Giuseppe Torelli,https://www.last.fm/music/Giuseppe+Torelli,64525,402039,baroque|Classical|italian|composer|trumpet,"Giuseppe Torelli (1658–1709) was an Italian violist and violinist, pedagogue, and composer, who ranks with Arcangelo Corelli among the developers of the Baroque concerto and concerto grosso.

Torelli was born on 22nd April  1658 in Verona. It is not known with whom he studied violin, though it has been speculated that he was a pupil of Giacomo Antonio Perti in Bologna. On 27th June 1684, at the age of twenty-six, he became a member of the Accademia Filarmonica as suonatore di violino. <a href=""h",I. Grave - Vivace,44843,I. Andante,31686,Allegro,32662,Perfect Winter Wedding,17558,True
2026-04-18,Dj Felipe Maia,DJ Felipe Maia,https://www.last.fm/music/DJ+Felipe+Maia,2,37,," <a href=""https://www.last.fm/music/DJ+Felipe+Maia"">Read more on Last.fm</a>",THE BOX MEDLEY FUNK 5,10,THE BOX MEDLEY FUNK 4,8,A true soldier is never killed (Ah-Youh-Ino-Psin),7,,0,True
2026-04-18,Gubeatz,GuBeatz,https://www.last.fm/music/GuBeatz,124,305,," <a href=""https://www.last.fm/music/GuBeatz"">Read more on Last.fm</a>",Jardim Europa,92,"Sítio do Gordinho (feat. MC Jvila, MC Rn do Capão, GvsnoBeat)",65,#Arab TRAP (2014),50,Jardim Europa,95,True
2026-04-18,Mc Jacaré,Mc Jacaré,https://www.last.fm/music/Mc+Jacare%CC%81,283573,4845908,funk|brasil|brazilian funk|Goiano|eletrofunk goiano,"MC Jacaré, nome artístico de Pedro Henrique Mendes Mesquita (Goiânia, 2003), é um cantor, compositor, produtor musical e arranjador brasileiro de funk. MC Jacaré nasceu em Goiânia e morou no bairro Urias Magalhães, na região norte da cidade. Segundo ele, o interesse pela música se iniciou ainda na infância, aprendendo a tocar violão e outros instrumentos. Mais tarde, começou a compor utilizando um computador antigo com beats de rap. O músico começou a publicar suas primeiras composições na inter",Toma Tapa,897742,Vento Forte,793196,Comprei um Lança,362541,Toma Tapa,897937,True
